<lxs>
    <scene root="demoRoot" axis_length="5"/>

    <views default="defaultCamera">
        <perspective id="defaultCamera" near="0.1" far="500" angle="45">
            <from x="20" y="15" z="20" />
            <to x="0" y="-2" z="0" />
        </perspective>
    </views>

    <globals>
        <ambient r="0.2" g="0.2" b="0.2" a="1.0" />
        <background r="0.0" g="0.0" b="0.0" a="1.0" />
    </globals>

    <lights>
        <omni id="demoLight" enabled="1">
            <location x="9.8" y="11.9" z="10" w="1.0" />
            <ambient r="0" g="0" b="0" a="1.0" />
            <diffuse r="1.0" g="1.0" b="1.0" a="1.0" />
            <specular r="1.0" g="1.0" b="1.0" a="1.0" />
        </omni>
    </lights>

    <textures>
        <texture id="vidral" file="scenes/images/vidral.jpg"/>
        <texture id="leaves" file="scenes/images/leaves.jpg"/>
        <texture id="bank" file="scenes/images/bank.jpg"/>
        <texture id="rocks" file="scenes/images/rocks.jpg"/>
        <texture id="trunk" file="scenes/images/trunk-image.jpg"/>
        <texture id="football_ball" file="scenes/images/football_ball.jpg"/>
        <texture id="sand" file="scenes/images/sand.jpg"/>
        <texture id="green_playground" file="scenes/images/green_playground.jpg"/>
        <texture id="red_playground" file="scenes/images/red_playground.jpg"/>
        <texture id="grass" file="scenes/images/grass.jpg" />
        <texture id="stone_walkway" file="scenes/images/stone_walkway.jpg"/>
        <texture id="rope" file="scenes/images/rope.jpg"/>
        <texture id="roof" file="scenes/images/roof.png"/>
    </textures>

    <materials>
        <material id="red" shininess="10">
            <emission r="0.0" g="0.0" b="0.0" a="1.0" />
            <ambient r="1.0" g="0.0" b="0.0" a="1.0" />
            <diffuse r="0.6" g="0.0" b="0.0" a="1.0" />
            <specular r="0.6" g="0.0" b="0.0" a="1.0" />
        </material>
        
        <material id="blue" shininess="10">
            <emission r="0.0" g="0.0" b="0.0" a="1.0" />
            <ambient r="0.0" g="0.0" b="1.0" a="1.0" />
            <diffuse r="0.0" g="0.0" b="0.6" a="1.0" />
            <specular r="0.0" g="0.0" b="0.6" a="1.0" />
        </material>

        <material id="white" shininess="10">
            <emission r="0.0" g="0.0" b="0.0" a="1.0" />
            <ambient r="1.0" g="1.0" b="1.0" a="1.0" />
            <diffuse r="0.6" g="0.6" b="0.6" a="1.0" />
            <specular r="0.6" g="0.6" b="0.6" a="1.0" />
        </material>
        <material id="green" shininess="10">
            <emission r="0.0" g="0.0" b="0.0" a="1.0" />
            <ambient r="0" g="1.0" b="0" a="1.0" />
            <diffuse r="0" g="0.6" b="0" a="1.0" />
            <specular r="0" g="0.6" b="0" a="1.0" />
        </material>
        <material id="greenDark" shininess="10">
            <emission r="0.0" g="0.0" b="0.0" a="1.0" />
            <ambient r="0" g="0.3" b="0" a="1.0" />
            <diffuse r="0" g="0.3" b="0" a="1.0" />
            <specular r="0" g="0.0" b="0" a="1.0" />
        </material>
        <material id="yellow" shininess="10">
            <emission r="0.0" g="0.0" b="0.0" a="1.0" />
            <ambient r="1" g="1.0" b="0" a="1.0" />
            <diffuse r="0.6" g="0.6" b="0" a="1.0" />
            <specular r="0.6" g="0.6" b="0" a="1.0" />
        </material>
        <material id="sun_yellow" shininess="10">
            <emission r="0" g="0" b="0.0" a="1.0" />
            <ambient r="1" g="1.0" b="0" a="1.0" />
            <diffuse r="1" g="1" b="0" a="1.0" />
            <specular r="1" g="1" b="0" a="1.0" />
        </material>
        <material id="green_playground" shininess="10">
            <emission r="0" g="0" b="0.0" a="1.0" />
            <ambient r="0.3" g="0.8" b="0.3" a="1.0" />
            <diffuse r="0.2" g="0.6" b="0.5" a="1.0" />
            <specular r="0" g="0" b="0" a="1.0" />
        </material>
        <material id="dark_grey" shininess="10">
            <emission r="0" g="0" b="0.0" a="1.0" />
            <ambient r="0.1" g="0.1" b="0.1" a="1.0" />
            <diffuse r="0.1" g="0.1" b="0.1" a="1.0" />
            <specular r="0.1" g="0.1" b="0.1" a="1.0" />
        </material>
        <material id="red_playground" shininess="10">
            <emission r="0" g="0" b="0.0" a="1.0" />
            <ambient r="0.5" g="0.2" b="0.3" a="1.0" />
            <diffuse r="0.5" g="0.3" b="0.2" a="1.0" />
            <specular r="0.0" g="0.0" b="0.0" a="1.0" />
        </material>
    </materials>

    <transformations>
        <transformation id="demoTransform">
            <scale x="5" y="1" z="5" />
            <rotate axis="x" angle="-45" />
            <rotate axis="z" angle="-45" />
        </transformation>
    </transformations>

    <primitives>
        <primitive id="demoRectangle">
            <rectangle x1="-0.5" y1="-1" x2="0.5" y2="1" />
        </primitive>
        <primitive id="demoSphere">
            <sphere radius="1" slices="50" stacks="50" />
        </primitive>
        <primitive id="demoTorus">
            <torus outer="2" inner="1" slices="80" loops="4" />
        </primitive>
        <primitive id="ring">
            <torus outer="1" inner="0.05" slices="80" loops="30" />
        </primitive>
        <primitive id="tunel_torus">
            <torus outer="1" inner="0.10" slices="80" loops="30" />
        </primitive>
        <primitive id="demoCylinder">
            <cylinder top="1" base="1" height="4" slices="50" stacks="10" />
        </primitive>
        <primitive id="barra">
            <cylinder top="1" base="1" height="1" slices="50" stacks="10" />
        </primitive>
        <primitive id="demoCone">
            <cylinder top="1" base="0" height="1" slices="50" stacks="10" />
        </primitive>
        <primitive id="demoTriangle">
            <triangle x3='0' y3='1' z3='0' x1='-1' y1='0' z1='0' x2='1' y2='0' z2='0' />
        </primitive>
        <primitive id="treeTop">
            <sphere radius="1" slices="6" stacks="2" />
        </primitive>
    </primitives>

    <components>
        
        <component id="cylinder">
            <transformation>
                <translate x="0" y="0" z="-7" />
                <rotate axis='x' angle='-90'/>
            </transformation>
            <materials>
                <material id="inherit" />
            </materials>
            <texture id="rope" length_s='1' length_t='1'/>
            <children>
                <primitiveref id='demoCylinder'/>
            </children>
        </component>

        <component id="triangle">
            <transformation>
                <translate x="-4" y="0" z="0" />
                <scale x="2" y="2" z="2" />
            </transformation>
            <materials>
                <material id="inherit" />
            </materials>
            <texture id="rope" length_s='1' length_t='1'/>
            <children>
                <primitiveref id='demoTriangle'/>
            </children>
        </component>

        <component id="torus">
            <transformation>
                <translate x="-2" y="0" z="-4" />
            </transformation>
            <materials>
                <material id="inherit" />
            </materials>
            <texture id="rope" length_s='1' length_t='1'/>
            <children>
                <primitiveref id='demoTorus'/>
            </children>
        </component>

        <component id="demoRoot">
            <transformation>
                <translate x="0" y="0" z="0" />
                <scale x="2" y="2" z="2" />
            </transformation>
            <materials>
                <material id="white" />
            </materials>
            <texture id="none"/>
            <children>
                <componentref id='cylinder'/>
                <componentref id='triangle'/>
                <componentref id='torus'/>
            </children>
        </component>

    </components>
</lxs>